[
  {"name":"Main","status":"Done","email":"jose@","tlf":"12345","teamLeader":"jose","id":"task_1","Child":"task_1,task_2","children":["task_2","task_3"],"Duration":5.0},
  {"name":"Main","status":"Done","email":"charli@","tlf":"1234","teamLeader":"charlie","id":"task_2","Child":"task_4","children":["task_4"],"Duration":2.0},
  {"name":"Main","status":"Ongoing","email":"raf@","tlf":"123456","teamLeader":"rafa","id":"task_3","Child":"task_5","children":["task_5"],"Duration":2.0},
  {"name":"Main","status":"Ongoing","email":"raph@","tlf":"13224","teamLeader":"raph","id":"task_4","Child":"task_5","children":["task_5"],"Duration":3.0},
  {"name":"Main","status":"Done","email":"bartel@","tlf":"1234455","teamLeader":"bartel","id":"task_5","Child":"task_6","children":["task_6"],"Duration":2.0},
  {"name":"Main","status":"Ongoing","email":"rafff@","tlf":"123456","teamLeader":"rafff","id":"task_6","Child":"","children":[""],"Duration":4.0},
  {"name":"Main","status":"Done","email":"Markus@","tlf":"123456","teamLeader":"Markus","id":"task_8","Child":"","children":[""],"Duration":4.0},
  {"name":"Main","status":"Done","email":"Mark@","tlf":"12345","teamLeader":"Mark","id":"task_9","Child":"","children":[],"Duration":1234.0},
  {"name":"Main","status":"Done","email":"Malik@","tlf":"1222","teamLeader":"Malik","id":"task_10","Child":"task_11 , task_12","children":["task_11","task_12"],"Duration":45.0}

]