[{"name":"Main","status":"Done","email":"jose@","tlf":"12345","teamLeader":"jose","deadline":"2020-11-26","id":"task_1","Child":"task_1,task_2","children":["task_1","task_2"],"Duration":5.0},{"name":"Main","status":"Done","email":"charli@","tlf":"1234","teamLeader":"charlie","deadline":"2020-11-26","id":"task_2","Child":"task_4","children":["task_4"],"Duration":2.0},{"name":"Main","status":"Ongoing","email":"raf@","tlf":"123456","teamLeader":"rafa","deadline":"2020-11-25","id":"task_3","Child":"tas_5","children":["tas_5"],"Duration":3.0},{"name":"Main","status":"Ongoing","email":"raph@","tlf":"13224","teamLeader":"raph","deadline":"2020-11-26","id":"task_4","Child":"task_5","children":["task_5"],"Duration":2.0},{"name":"Main","status":"Done","email":"bartel@","tlf":"1234455","teamLeader":"bartel","deadline":"2020-11-26","id":"task_5","Child":"task_6","children":[],"Duration":2.0}]