[
  { "id": "task_1", "title":  "Task 1: Some Task",      "completed":  true,  "duration":  1.0, "children": ["task_2", "task_3"] },
  { "id": "task_2", "title":  "Task 2: Another Task",   "completed":  false, "duration":  2.0, "children": ["task_4"] },
  { "id": "task_3", "title":  "Task 3: More Tasks?!?!", "completed":  false, "duration":  1.0, "children": ["task_5"] },
  { "id": "task_4", "title":  "Task 4: Yep, more...",   "completed":  false, "duration":  1.0, "children": ["task_5"] },
  { "id": "task_5", "title":  "Task 5: ***yawn***",     "completed":  false, "duration":  1.0, "children": ["task_6"] },
  { "id": "task_6", "title":  "Task 6: Quittin' time",  "completed":  false, "duration": 10.0, "children": [] }
]