[{"name":"Main","status":"true","email":"jose@","tlf":"1234567","teamLeader":"Jose","deadline":"2020-11-25","id":"task_1","Child":"task_2,task_3","children":["task_2","task_3"],"Duration":1.0},{"name":"Main","status":"true","email":"Charlie@","tlf":"123456","teamLeader":"Charlie","deadline":"2020-11-25","id":"task_2","Child":"task_4","children":["task_4"],"Duration":2.0},{"name":"Main","status":"true","email":"jose@","tlf":"1234567","teamLeader":"jose2","deadline":"2020-11-25","id":"task_3","Child":"task_5","children":["task_5"],"Duration":2.0},{"name":"Main","status":"true","email":"Charlie2@","tlf":"12334","teamLeader":"charlie2","deadline":"2020-11-25","id":"task_4","Child":"task_5","children":["task_5"],"Duration":2.0},{"name":"Main","status":"true","email":"jose3@Gmail","tlf":"00012","teamLeader":"jose3","deadline":"2020-11-25","id":"task_5","Child":"","children":[],"Duration":3.0},{"name":"Main ","status":"Ongoing","email":"rafael@","tlf":"1234567","teamLeader":"rafael","deadline":"2020-11-26","id":"task_6","Child":"task_7","children":["task_7"],"Duration":3.0},{"name":"Main","status":"Done","email":"charlie@","tlf":"121331","teamLeader":"charlie ","deadline":"2020-12-05","id":"task_7","Child":"","children":[""],"Duration":7.0}]