[{"name":"New","status":"Ongoing","email":"Markus@","tlf":"123456","teamLeader":"Markus","deadline":"2020-11-26","id":"task_1","Child":"task_2,task_3","children":["task_2","task_3"],"Duration":5.0},{"name":"New","status":"Ongoing ","email":"Rafael@","tlf":"123455","teamLeader":"Rafael","deadline":"2020-11-26","id":"task_2","Child":"task_5","children":["task_5"],"Duration":3.0},{"name":"New","status":"Ongoing","email":"Jose@","tlf":"123456","teamLeader":"Jose","deadline":"2020-11-26","id":"task_3","Child":"task_4","children":["task_4"],"Duration":1.0},{"name":"New","status":"Ongoing","email":"Charlie@","tlf":"12345","teamLeader":"Charlie","deadline":"2020-11-26","id":"task_4","Child":"task_6","children":["task_6"],"Duration":2.0},{"name":"New","status":"Ongoing","email":"Charles@","tlf":"23344","teamLeader":"Charles","deadline":"2020-11-26","id":"task_5","Child":"task_6","children":["task_6"],"Duration":1.0},{"name":"New","status":"Ongoing","email":"Joseph@","tlf":"2134141","teamLeader":"Joseph","deadline":"2020-11-26","id":"task_6","Child":"","children":[],"Duration":4.0}]